City_ID,City,Country,Date,Lat,Lng,Max Temp,Humidity,Cloudiness,Wind Speed
0,Kapaa,US,2021-12-04 19:54:55,22.0752,-159.319,68.47,80,100,1.01
1,Guerrero Negro,MX,2021-12-04 19:54:56,27.9769,-114.0611,68.0,66,100,17.31
2,New Norfolk,AU,2021-12-04 19:54:56,-42.7826,147.0587,47.75,69,7,2.68
3,Carnarvon,AU,2021-12-04 19:54:56,-24.8667,113.6333,71.67,88,0,5.75
4,Nieuw Amsterdam,SR,2021-12-04 19:54:57,5.8833,-55.0833,87.82,70,40,11.5
5,Arraial Do Cabo,BR,2021-12-04 19:54:57,-22.9661,-42.0278,80.56,61,40,11.5
6,Tasiilaq,GL,2021-12-04 19:54:57,65.6145,-37.6368,26.98,92,100,29.17
7,Auki,SB,2021-12-04 19:54:57,-8.7676,160.7034,80.04,82,33,2.24
8,Punta Arenas,CL,2021-12-04 19:52:42,-53.15,-70.9167,55.51,58,75,19.57
9,Alekseyevka,RU,2021-12-04 19:54:58,50.6309,38.6903,30.99,81,100,3.58
10,San Patricio,US,2021-12-04 19:54:58,28.017,-97.5169,86.02,56,41,12.73
11,Atuona,PF,2021-12-04 19:51:47,-9.8,-139.0333,78.35,74,4,17.49
12,Terrace,CA,2021-12-04 19:54:58,54.5163,-128.6035,35.42,93,40,8.05
13,Kodiak,US,2021-12-04 19:54:59,57.79,-152.4072,24.85,72,97,4.72
14,Busselton,AU,2021-12-04 19:54:59,-33.65,115.3333,57.09,76,0,10.13
15,Opuwo,NA,2021-12-04 19:54:59,-18.0607,13.84,71.87,25,14,7.02
16,Tiarei,PF,2021-12-04 19:54:59,-17.5333,-149.3333,84.22,69,73,12.57
17,Bredasdorp,ZA,2021-12-04 19:55:00,-34.5322,20.0403,65.28,86,100,19.46
18,Camana,PE,2021-12-04 19:55:00,-16.6228,-72.7111,71.53,73,91,7.74
19,Belaya Gora,RU,2021-12-04 19:55:00,68.5333,146.4167,-42.27,100,69,0.51
20,Ushuaia,AR,2021-12-04 19:55:01,-54.8,-68.3,62.26,29,75,11.5
21,Fortuna,US,2021-12-04 19:50:16,40.5982,-124.1573,50.67,100,90,0.0
22,Clydebank,GB,2021-12-04 19:55:01,55.9014,-4.4057,43.47,75,72,8.05
23,Airai,TL,2021-12-04 19:55:01,-8.9266,125.4092,61.16,95,100,1.36
24,Quimper,FR,2021-12-04 19:55:02,48.0,-4.1,47.08,81,20,17.27
25,Port Alfred,ZA,2021-12-04 19:55:02,-33.5906,26.891,67.95,95,100,21.79
26,Nikolskoye,RU,2021-12-04 19:55:02,59.7035,30.7861,15.69,94,100,5.77
27,Acarau,BR,2021-12-04 19:55:02,-2.8856,-40.12,83.43,69,74,16.69
28,Albany,US,2021-12-04 19:54:49,42.6001,-73.9662,43.09,65,100,1.99
29,Qaanaaq,GL,2021-12-04 19:55:03,77.484,-69.3632,0.75,65,68,7.47
30,Saiha,IN,2021-12-04 19:55:03,22.4833,92.9667,67.78,72,100,1.81
31,Rikitea,PF,2021-12-04 19:55:03,-23.1203,-134.9692,75.81,73,18,12.08
32,Mataura,NZ,2021-12-04 19:55:04,-46.1927,168.8643,55.47,97,100,5.35
33,Nouadhibou,MR,2021-12-04 19:55:04,20.931,-17.0347,66.18,72,12,13.8
34,Bethel,US,2021-12-04 19:51:35,41.3712,-73.414,48.29,55,20,1.99
35,Hit,IQ,2021-12-04 19:55:04,33.6416,42.8251,55.96,33,100,3.74
36,Port Hawkesbury,CA,2021-12-04 19:53:12,45.6169,-61.3485,28.58,73,75,7.0
37,Asosa,ET,2021-12-04 19:55:05,10.0667,34.5333,67.68,33,8,4.65
38,Lavrentiya,RU,2021-12-04 19:55:05,65.5833,-171.0,3.29,91,16,7.47
39,Haines Junction,CA,2021-12-04 19:55:05,60.7522,-137.5108,-31.05,68,68,1.14
40,Puerto Ayora,EC,2021-12-04 19:54:33,-0.7393,-90.3518,71.2,82,59,9.26
41,Ponta Do Sol,PT,2021-12-04 19:55:06,32.6667,-17.1,65.03,68,96,9.33
42,Port Hardy,CA,2021-12-04 19:55:06,50.6996,-127.4199,39.76,93,90,5.75
43,Constitucion,CL,2021-12-04 19:55:06,-35.3333,-72.4167,68.09,55,5,16.13
44,San Cristobal,VE,2021-12-04 19:56:07,7.7669,-72.225,80.78,41,80,5.77
45,Jibuti,DJ,2021-12-04 19:56:07,11.5,42.5,70.54,61,0,11.03
46,Cape Town,ZA,2021-12-04 19:56:07,-33.9258,18.4232,68.11,71,20,5.01
47,Hermanus,ZA,2021-12-04 19:56:07,-34.4187,19.2345,67.89,83,100,19.98
48,Paamiut,GL,2021-12-04 19:56:08,61.994,-49.6678,36.52,81,99,39.44
49,Barrow,US,2021-12-04 19:56:08,71.2906,-156.7887,8.64,90,100,11.03
50,Sao Miguel Dos Campos,BR,2021-12-04 19:56:08,-9.7811,-36.0936,83.7,72,58,11.72
51,The Valley,AI,2021-12-04 19:56:09,18.217,-63.0578,85.86,70,75,11.5
52,Dikson,RU,2021-12-04 19:55:19,73.5069,80.5464,-21.96,99,100,7.56
53,Kirakira,SB,2021-12-04 19:56:09,-10.4544,161.9205,80.56,82,93,5.3
54,Torbay,CA,2021-12-04 19:55:55,47.6666,-52.7314,31.68,49,75,28.77
55,Faanui,PF,2021-12-04 19:56:09,-16.4833,-151.75,81.21,69,16,16.49
56,Port Elizabeth,ZA,2021-12-04 19:56:09,-33.918,25.5701,62.89,88,90,8.05
57,Poum,NC,2021-12-04 19:56:10,-20.2333,164.0167,79.86,75,7,11.99
58,Salalah,OM,2021-12-04 19:54:11,17.0151,54.0924,74.41,44,0,3.42
59,Saint-Philippe,RE,2021-12-04 19:56:10,-21.3585,55.7679,78.35,83,21,10.69
60,Hilo,US,2021-12-04 19:56:10,19.7297,-155.09,68.25,98,100,1.3
61,Khatanga,RU,2021-12-04 19:56:11,71.9667,102.5,-21.33,98,100,8.16
62,Ornskoldsvik,SE,2021-12-04 19:55:17,63.2909,18.7153,13.15,85,75,5.75
63,Changli,CN,2021-12-04 19:56:11,39.7042,119.1506,36.3,64,0,4.09
64,Pemangkat,ID,2021-12-04 19:56:11,1.1667,108.9667,77.68,87,81,6.89
65,Aklavik,CA,2021-12-04 19:56:12,68.2191,-135.0107,-19.37,68,1,3.44
66,Victoria,HK,2021-12-04 19:51:17,22.2855,114.1577,65.32,68,98,1.99
67,Ribeira Grande,PT,2021-12-04 19:56:12,38.5167,-28.7,63.0,88,75,3.44
68,Egvekinot,RU,2021-12-04 19:56:12,66.3167,-179.1667,-26.57,95,34,5.82
69,Marabba,SD,2021-12-04 19:56:13,12.35,32.1833,86.47,25,0,8.3
70,Saint George,US,2021-12-04 19:56:13,37.1041,-113.5841,70.27,28,0,1.14
71,Maragogi,BR,2021-12-04 19:56:13,-9.0122,-35.2225,80.15,78,38,8.79
72,Butaritari,KI,2021-12-04 19:55:58,3.0707,172.7902,83.16,76,13,17.78
73,Palm Coast,US,2021-12-04 19:52:07,29.585,-81.2078,76.08,50,95,1.99
74,Bandarban,BD,2021-12-04 19:56:13,22.1965,92.2262,70.38,82,100,2.55
75,Severo-Kurilsk,RU,2021-12-04 19:56:14,50.6789,156.125,31.37,75,76,27.6
76,Likasi,CD,2021-12-04 19:56:14,-10.9814,26.7333,68.11,61,4,4.52
77,East London,ZA,2021-12-04 19:56:14,-33.0153,27.9116,68.34,93,100,18.28
78,Vardo,NO,2021-12-04 19:55:32,70.3705,31.1107,21.45,74,9,19.98
79,Smithers,CA,2021-12-04 19:54:33,54.7804,-127.1743,25.12,93,75,0.0
80,Launceston,AU,2021-12-04 19:56:15,-41.45,147.1667,49.8,79,75,4.61
81,Divo,CI,2021-12-04 19:56:15,5.8397,-5.36,76.1,87,50,4.18
82,Mitu,CO,2021-12-04 19:56:15,1.1983,-70.1733,72.91,99,100,1.61
83,Vaini,TO,2021-12-04 19:56:15,-21.2,-175.2,80.76,94,40,9.22
84,Long,TH,2021-12-04 19:56:16,18.0761,99.8326,58.86,89,8,2.64
85,Kardamaina,GR,2021-12-04 19:56:16,36.7814,27.1425,62.08,82,75,9.22
86,Kruisfontein,ZA,2021-12-04 19:56:16,-34.0033,24.7314,59.88,95,100,18.19
87,Deputatskiy,RU,2021-12-04 19:56:17,69.3,139.9,-39.87,96,35,1.9
88,Hithadhoo,MV,2021-12-04 19:56:17,-0.6,73.0833,81.19,79,69,11.83
89,Kpandae,GH,2021-12-04 19:56:17,8.4689,-0.0113,85.55,22,72,4.36
90,Georgetown,MY,2021-12-04 19:56:18,5.4112,100.3354,79.9,84,20,5.01
91,Yanam,IN,2021-12-04 19:56:18,16.7333,82.2167,75.6,82,93,3.38
92,Pustoshka,RU,2021-12-04 19:57:18,56.3355,29.369,25.38,97,99,2.73
93,Hoquiam,US,2021-12-04 19:57:18,46.9809,-123.8893,51.03,92,90,10.36
94,Davenda,RU,2021-12-04 19:57:19,53.5556,119.317,11.62,92,100,3.15
95,Sawakin,SD,2021-12-04 19:57:19,19.1059,37.3321,81.1,67,3,6.87
96,San Quintin,MX,2021-12-04 19:57:19,30.4833,-115.95,64.94,72,2,15.79
97,Ahuimanu,US,2021-12-04 19:53:48,21.4447,-157.8378,70.45,72,100,5.88
98,Upernavik,GL,2021-12-04 19:57:20,72.7868,-56.1549,16.75,76,100,7.7
99,Gornyak,RU,2021-12-04 19:57:20,50.9942,81.4661,17.82,98,77,4.99
100,Port Blair,IN,2021-12-04 19:57:20,11.6667,92.75,79.12,79,50,9.51
101,Clyde River,CA,2021-12-04 19:57:20,70.4692,-68.5914,10.63,92,100,34.52
102,Flin Flon,CA,2021-12-04 19:52:51,54.7682,-101.865,4.84,72,40,8.05
103,Almaznyy,RU,2021-12-04 19:57:21,48.0448,40.045,35.74,97,100,13.35
104,Elko,US,2021-12-04 19:57:21,41.0002,-115.5012,53.06,28,5,8.93
105,Itarema,BR,2021-12-04 19:57:21,-2.9248,-39.9167,82.99,70,76,15.66
106,North Bend,US,2021-12-04 19:57:22,43.4065,-124.2243,52.25,100,100,12.86
107,Te Anau,NZ,2021-12-04 19:57:22,-45.4167,167.7167,57.13,94,92,3.91
108,Kutum,SD,2021-12-04 19:57:22,14.2,24.6667,71.11,23,0,7.83
109,Ancud,CL,2021-12-04 19:57:22,-41.8697,-73.8203,63.93,59,0,5.44
110,Upington,ZA,2021-12-04 19:57:23,-28.4478,21.2561,70.18,28,20,8.05
111,Geraldton,AU,2021-12-04 19:57:23,-28.7667,114.6,63.01,77,0,8.05
112,Bengkulu,ID,2021-12-04 19:57:23,-3.8004,102.2655,75.72,90,100,9.19
113,Karratha,AU,2021-12-04 19:57:24,-20.7377,116.8463,86.0,30,8,13.8
114,Berbera,SO,2021-12-04 19:57:24,10.4396,45.0143,76.62,68,0,4.94
115,Inyonga,TZ,2021-12-04 19:57:24,-6.7167,32.0667,73.15,51,99,2.39
116,Vanavara,RU,2021-12-04 19:57:24,60.34,102.2797,18.32,91,100,14.2
117,Mar Del Plata,AR,2021-12-04 19:56:49,-38.0023,-57.5575,60.82,77,0,11.99
118,Sao Filipe,CV,2021-12-04 19:52:59,14.8961,-24.4956,76.03,71,100,7.27
119,Necochea,AR,2021-12-04 19:57:25,-38.5473,-58.7368,60.04,51,94,15.73
120,Kaseda,JP,2021-12-04 19:56:47,31.4167,130.3167,41.85,64,0,6.76
121,Aktash,RU,2021-12-04 19:57:25,50.3,87.7333,0.21,80,2,4.16
122,Hay River,CA,2021-12-04 19:57:25,60.8156,-115.7999,-20.22,69,20,5.75
123,Mahebourg,MU,2021-12-04 19:57:26,-20.4081,57.7,78.26,83,40,6.91
124,Yaan,NG,2021-12-04 19:57:26,7.3833,8.5667,84.02,27,76,2.75
125,Bambous Virieux,MU,2021-12-04 19:57:26,-20.3428,57.7575,78.22,83,40,6.91
126,Tuktoyaktuk,CA,2021-12-04 19:57:27,69.4541,-133.0374,-23.8,69,1,3.44
127,Lorengau,PG,2021-12-04 19:57:27,-2.0226,147.2712,83.59,79,100,17.81
128,Aykhal,RU,2021-12-04 19:57:27,66.0,111.5,-17.59,99,98,5.86
129,Labuhan,ID,2021-12-04 19:57:27,-6.8844,112.2051,77.43,84,100,12.12
130,La Cumbre,AR,2021-12-04 19:57:28,-30.982,-64.4914,72.5,70,92,3.0
131,Bluff,NZ,2021-12-04 19:57:28,-46.6,168.3333,55.8,90,100,7.31
132,Sitka,US,2021-12-04 19:57:28,57.0531,-135.33,31.82,72,18,0.94
133,Bagdarin,RU,2021-12-04 19:57:28,54.4333,113.6,12.07,89,100,5.48
134,Tuatapere,NZ,2021-12-04 19:57:29,-46.1333,167.6833,55.81,97,100,8.5
135,Jalu,LY,2021-12-04 19:53:53,29.0331,21.5482,56.37,39,0,13.98
136,Dire,ML,2021-12-04 19:58:29,12.2833,-10.9667,81.86,20,78,2.33
137,Elat,IL,2021-12-04 19:58:29,29.5581,34.9482,66.04,45,0,0.0
138,Chokurdakh,RU,2021-12-04 19:58:30,70.6333,147.9167,-40.63,100,61,3.85
139,Tiruvannamalai,IN,2021-12-04 19:58:30,12.2167,79.0667,73.78,87,63,0.96
140,Kaitangata,NZ,2021-12-04 19:58:30,-46.2817,169.8464,61.65,82,100,6.2
141,Saskylakh,RU,2021-12-04 19:58:30,71.9167,114.0833,-20.02,98,100,4.92
142,Twistringen,DE,2021-12-04 19:58:31,52.8,8.65,35.98,99,100,4.23
143,Wasilla,US,2021-12-04 19:58:31,61.5814,-149.4394,5.76,69,58,1.01
144,Saint-Leu,RE,2021-12-04 19:58:31,-21.15,55.2833,77.83,81,15,4.54
145,Yellowknife,CA,2021-12-04 19:58:32,62.456,-114.3525,-24.59,82,1,3.44
146,Qom,IR,2021-12-04 19:58:32,34.6401,50.8764,48.4,51,24,2.37
147,Oum Hadjer,TD,2021-12-04 19:58:32,13.2954,19.6966,82.15,20,0,10.07
148,Junin,AR,2021-12-04 19:58:32,-34.5838,-60.9433,65.34,78,100,10.29
149,Acapulco,MX,2021-12-04 19:56:22,16.8634,-99.8901,85.53,59,12,7.34
150,Namatanai,PG,2021-12-04 19:58:33,-3.6667,152.4333,80.64,82,65,4.52
151,Merauke,ID,2021-12-04 19:58:33,-8.4667,140.3333,79.27,87,100,6.49
152,Esperance,AU,2021-12-04 19:58:33,-33.8667,121.9,51.64,89,58,10.09
153,Mazatlan,MX,2021-12-04 19:58:34,23.2167,-106.4167,84.02,83,99,7.52
154,Longyan,CN,2021-12-04 19:58:34,25.1072,117.0225,43.54,71,2,3.0
155,Hamilton,US,2021-12-04 19:58:34,39.1834,-84.5333,54.99,45,81,1.01
156,Ostrovnoy,RU,2021-12-04 19:58:34,68.0531,39.5131,5.11,94,81,6.64
157,Maniitsoq,GL,2021-12-04 19:57:52,65.4167,-52.9,38.41,70,100,18.79
158,Binzhou,CN,2021-12-04 19:58:35,37.3667,118.0167,39.96,59,0,3.96
159,Cidreira,BR,2021-12-04 19:58:35,-30.1811,-50.2056,71.38,77,100,18.28
160,Ndele,CF,2021-12-04 19:58:35,8.4109,20.6473,81.1,29,10,4.38
161,Hami,CN,2021-12-04 19:58:36,42.8,93.45,26.6,56,68,2.1
162,Eresos,GR,2021-12-04 19:58:36,39.1667,25.9333,56.71,78,50,7.61
163,Qasigiannguit,GL,2021-12-04 19:58:36,68.8193,-51.1922,39.16,43,100,46.04
164,Hailakandi,IN,2021-12-04 19:58:36,24.6833,92.5667,69.39,78,100,1.12
165,Teknaf,BD,2021-12-04 19:58:37,20.8624,92.3058,74.8,67,100,3.06
166,Hovd,MN,2021-12-04 19:58:37,48.0056,91.6419,19.31,60,0,1.79
167,Gitarama,RW,2021-12-04 19:58:37,-2.0744,29.7567,65.66,91,100,2.71
168,Viedma,AR,2021-12-04 19:56:35,-40.8135,-62.9967,75.61,22,50,15.61
169,Mostovskoy,RU,2021-12-04 19:58:38,44.4122,40.7936,44.78,58,27,7.14
170,Longyearbyen,SJ,2021-12-04 19:58:38,78.2186,15.6401,19.24,73,75,23.02
171,Iqaluit,CA,2021-12-04 19:58:38,63.7506,-68.5145,4.73,78,90,27.63
172,Marsa Matruh,EG,2021-12-04 19:58:38,31.3525,27.2453,64.6,45,0,11.5
173,Usinsk,RU,2021-12-04 19:58:39,65.9939,57.5281,-12.23,87,51,14.41
174,Portland,US,2021-12-04 19:54:38,45.5234,-122.6762,51.6,90,100,5.01
175,Gushikawa,JP,2021-12-04 19:58:39,26.3544,127.8686,63.63,59,100,15.46
176,Zhigansk,RU,2021-12-04 19:58:40,66.7697,123.3711,-15.56,98,100,15.3
177,Kloulklubed,PW,2021-12-04 19:58:40,7.0419,134.2556,75.7,75,83,3.24
178,Bikin,RU,2021-12-04 19:58:40,46.8161,134.26,-5.89,96,82,5.21
179,Antofagasta,CL,2021-12-04 19:56:03,-23.65,-70.4,72.21,57,15,10.16
180,Jamestown,US,2021-12-04 19:58:40,42.097,-79.2353,43.3,52,99,15.99
181,Kavaratti,IN,2021-12-04 19:58:04,10.5669,72.642,81.03,77,41,6.29
182,Harmanli,BG,2021-12-04 19:59:41,41.9333,25.9,40.1,90,89,1.59
183,Coquimbo,CL,2021-12-04 19:59:41,-29.9533,-71.3436,64.13,72,20,14.97
184,Inuvik,CA,2021-12-04 19:58:21,68.3499,-133.7218,-13.79,73,1,4.61
185,Sarti,GR,2021-12-04 19:59:42,40.1,23.9833,56.75,79,21,5.59
186,Hambantota,LK,2021-12-04 19:59:42,6.1241,81.1185,77.88,85,89,3.74
187,Chuy,UY,2021-12-04 19:59:42,-33.6971,-53.4616,70.05,70,100,11.59
188,Los Alamos,US,2021-12-04 19:59:43,35.8881,-106.307,59.43,30,1,1.99
189,Tipuani,BO,2021-12-04 19:59:43,-15.5648,-68.0185,85.5,62,99,3.24
190,Nishihara,JP,2021-12-04 19:59:43,26.1842,127.7558,63.68,59,40,10.36
191,Mount Isa,AU,2021-12-04 19:59:43,-20.7333,139.5,82.17,36,75,4.61
192,Trairi,BR,2021-12-04 19:59:19,-3.2778,-39.2689,83.16,69,30,12.93
193,Cabanas,CU,2021-12-04 19:59:44,22.9758,-82.9219,82.56,60,3,12.21
194,Margate,GB,2021-12-04 19:59:44,51.3813,1.3862,42.91,74,100,3.0
195,Tiksi,RU,2021-12-04 19:55:52,71.6872,128.8694,-21.1,97,100,3.09
196,Gambo,CF,2021-12-04 19:59:44,4.6482,22.2633,72.68,76,97,1.99
197,Black River,JM,2021-12-04 19:59:45,18.0264,-77.8487,86.0,70,93,3.89
198,Zhigalovo,RU,2021-12-04 19:59:45,54.8097,105.1578,24.58,92,100,7.92
199,Whyalla,AU,2021-12-04 19:59:45,-33.0333,137.5833,58.89,77,100,11.5
200,Saint-Joseph,RE,2021-12-04 19:59:45,-21.3667,55.6167,77.36,82,20,8.93
201,Avarua,CK,2021-12-04 19:59:46,-21.2078,-159.775,78.85,83,40,4.61
202,Hobart,AU,2021-12-04 19:59:46,-42.8794,147.3294,47.12,83,0,9.22
203,Kavieng,PG,2021-12-04 19:59:46,-2.5744,150.7967,82.08,81,100,13.44
204,Port Macquarie,AU,2021-12-04 19:59:42,-31.4333,152.9167,65.89,87,98,17.27
205,Amarillo,US,2021-12-04 19:59:47,35.222,-101.8313,59.41,40,0,5.01
206,Dunedin,NZ,2021-12-04 19:59:47,-45.8742,170.5036,63.7,73,100,8.16
207,Huescar,ES,2021-12-04 19:59:47,37.811,-2.5412,47.12,88,9,7.27
208,Vestmannaeyjar,IS,2021-12-04 19:59:47,63.4427,-20.2734,32.83,67,8,10.51
209,Mackenzie,CA,2021-12-04 19:59:48,55.2999,-123.1698,21.42,79,90,5.75
210,Castro,BR,2021-12-04 19:59:48,-24.7911,-50.0119,79.61,43,12,5.1
211,Lebu,CL,2021-12-04 19:59:48,-37.6167,-73.65,59.59,68,0,21.0
212,Lom Sak,TH,2021-12-04 19:59:49,16.7798,101.2422,57.04,61,16,5.12
213,Mattru,SL,2021-12-04 19:59:49,7.6244,-11.8332,77.52,89,79,2.68
214,Vila,PT,2021-12-04 19:59:49,42.0304,-8.1588,42.33,85,25,4.68
215,Cabatuan,PH,2021-12-04 19:59:50,10.8794,122.486,72.41,89,62,12.95
216,El Reno,US,2021-12-04 19:59:50,35.5323,-97.955,56.55,71,90,0.0
217,Provideniya,RU,2021-12-04 19:59:50,64.3833,-173.3,14.23,87,94,3.09
218,Libreville,GA,2021-12-04 19:59:50,0.3925,9.4537,77.02,94,40,4.61
219,Quelimane,MZ,2021-12-04 19:59:51,-17.8786,36.8883,82.35,74,0,18.01
220,Havre-Saint-Pierre,CA,2021-12-04 19:59:51,50.2334,-63.5986,26.96,43,40,23.02
221,Alice Springs,AU,2021-12-04 19:59:51,-23.7,133.8833,74.75,29,47,12.66
222,Saint-Francois,FR,2021-12-04 19:59:52,46.4154,3.9054,41.47,87,75,4.61
223,Narsaq,GL,2021-12-04 19:59:52,60.9167,-46.05,30.38,72,100,11.99
224,Namakkal,IN,2021-12-04 20:00:52,11.2213,78.1652,74.16,92,52,2.37
225,Morant Bay,JM,2021-12-04 20:00:53,17.8815,-76.4093,81.66,72,100,9.24
226,Dingle,PH,2021-12-04 20:00:53,10.9995,122.6711,71.46,92,37,8.75
227,Damietta,EG,2021-12-04 20:00:53,31.4165,31.8133,65.5,51,100,10.76
228,Trinidad,BO,2021-12-04 20:00:53,-14.8333,-64.9,91.98,54,75,5.91
229,Lagos,NG,2021-12-04 20:00:00,6.5833,3.75,84.52,84,73,5.41
230,Jiuquan,CN,2021-12-04 19:56:27,39.7432,98.5174,28.69,27,6,1.7
231,Kawambwa,ZM,2021-12-04 20:00:54,-9.7915,29.0791,69.37,53,29,2.8
232,Phangnga,TH,2021-12-04 20:00:54,8.4509,98.5298,77.04,83,92,6.2
233,Praia,CV,2021-12-04 20:00:54,14.9215,-23.5087,74.59,75,100,14.72
234,Okha,RU,2021-12-04 20:00:55,53.5739,142.9478,-2.97,88,5,11.1
235,Kieta,PG,2021-12-04 20:00:55,-6.2167,155.6333,79.97,81,100,3.29
236,Omaruru,NA,2021-12-04 20:00:55,-21.4333,15.9333,64.71,32,0,7.83
237,Oranjemund,NA,2021-12-04 20:00:56,-28.55,16.4333,61.57,86,95,4.47
238,Riyadh,SA,2021-12-04 20:00:02,24.6877,46.7219,60.06,28,4,4.21
239,Korla,CN,2021-12-04 20:00:56,41.7597,86.1469,27.54,58,91,3.56
240,Scarborough,GB,2021-12-04 20:00:56,54.2797,-0.4044,37.9,89,99,1.01
241,Pierre,US,2021-12-04 19:56:16,44.3683,-100.351,40.05,43,100,4.0
242,Anloga,GH,2021-12-04 20:00:57,5.7947,0.8973,83.17,78,70,10.98
243,Leningradskiy,RU,2021-12-04 20:00:57,69.3833,178.4167,-16.31,97,97,5.17
244,Biabou,VC,2021-12-04 20:00:57,13.2,-61.1333,81.5,72,99,14.32
245,Zhifang,CN,2021-12-04 20:00:58,30.35,114.3167,50.43,48,1,2.84
246,Sisimiut,GL,2021-12-04 20:00:58,66.9395,-53.6735,35.96,86,100,11.43
247,Komsomolskiy,UZ,2021-12-04 20:00:58,40.4272,71.7189,38.12,70,100,6.91
248,Kapit,MY,2021-12-04 19:59:20,2.0167,112.9333,73.45,99,76,0.89
249,Sechura,PE,2021-12-04 20:00:58,-5.5569,-80.8222,76.78,58,44,14.43
250,Bacolod,PH,2021-12-04 20:00:59,10.6667,122.95,75.61,83,75,13.73
251,Cabo San Lucas,MX,2021-12-04 20:00:59,22.8909,-109.9124,87.51,53,76,3.0
252,Lompoc,US,2021-12-04 20:00:59,34.6391,-120.4579,64.56,74,90,4.0
253,Hervey Bay,AU,2021-12-04 20:01:00,-25.2986,152.8535,74.03,77,59,8.86
254,Zhukovka,RU,2021-12-04 20:01:00,53.534,33.728,26.87,95,100,6.51
255,Medicine Hat,CA,2021-12-04 20:01:00,50.0501,-110.6683,30.63,85,90,3.0
256,Chapleau,CA,2021-12-04 20:01:00,47.8405,-83.4034,21.78,86,100,9.51
257,Huallanca,PE,2021-12-04 20:01:01,-9.8993,-76.9417,55.47,69,100,4.14
258,Isangel,VU,2021-12-04 20:01:01,-19.55,169.2667,79.41,81,100,9.78
259,Luderitz,NA,2021-12-04 20:01:01,-26.6481,15.1594,61.2,90,2,5.66
260,Harrai,IN,2021-12-04 20:01:02,22.6167,79.2167,61.54,50,18,1.63
261,Zilair,RU,2021-12-04 20:01:02,52.2332,57.4392,27.25,88,100,12.44
262,Bhadasar,IN,2021-12-04 20:01:02,28.2833,74.3167,65.03,50,0,0.98
263,Abha,SA,2021-12-04 20:00:11,18.2164,42.5053,55.17,38,0,0.4
264,Salamanca,ES,2021-12-04 19:58:45,40.8333,-6.0,43.99,88,4,7.58
265,Namibe,AO,2021-12-04 20:01:03,-15.1961,12.1522,71.17,68,5,6.29
266,Panama City,PA,2021-12-04 20:01:03,8.9936,-79.5197,90.18,64,98,1.01
267,Olga,RU,2021-12-04 20:01:03,43.7444,135.2892,14.32,45,0,5.39
268,Khani,GE,2021-12-04 20:01:04,41.9563,42.9566,44.17,48,29,9.24
269,Berlevag,NO,2021-12-04 20:01:04,70.8578,29.0864,17.51,81,27,22.12
270,Avenal,US,2021-12-04 20:01:04,36.0041,-120.129,46.22,55,0,2.86
271,Thompson,CA,2021-12-04 20:02:04,55.7435,-97.8558,-5.64,77,75,6.91
272,Mehran,IR,2021-12-04 20:02:05,33.1222,46.1646,57.74,36,71,2.84
273,Puerto Escondido,MX,2021-12-04 20:02:05,15.85,-97.0667,86.7,50,0,6.33
274,Dolinsk,RU,2021-12-04 20:02:05,47.35,142.8,10.26,85,28,5.08
275,Kawalu,ID,2021-12-04 20:02:06,-7.3817,108.2082,72.9,94,100,0.98
276,Boca Do Acre,BR,2021-12-04 20:02:06,-8.7522,-67.3978,84.36,71,100,1.83
277,Dukat,RU,2021-12-04 20:02:06,62.55,155.55,-33.09,95,13,4.5
278,Vostok,RU,2021-12-04 20:02:06,46.4856,135.8833,-9.99,96,43,5.79
279,Urucara,BR,2021-12-04 20:02:07,-2.5364,-57.76,87.51,61,49,3.89
280,Lagoa,PT,2021-12-04 20:02:07,39.05,-27.9833,63.64,84,100,12.37
281,Guiong,PH,2021-12-04 20:02:07,6.4186,122.0258,77.76,84,93,5.66
282,Souillac,MU,2021-12-04 20:00:22,-20.5167,57.5167,78.37,79,6,10.54
283,Beatrice,US,2021-12-04 20:02:08,40.2681,-96.747,47.86,53,1,12.66
284,Mishelevka,RU,2021-12-04 20:02:08,52.8575,103.1719,14.63,95,79,1.88
285,Moerai,PF,2021-12-04 20:02:08,-22.4333,-151.3333,77.38,79,14,11.34
286,Ishigaki,JP,2021-12-04 20:02:08,24.3448,124.1572,69.15,62,92,20.33
287,Liuzhou,CN,2021-12-04 20:02:09,24.3126,109.3892,52.88,51,10,4.16
288,Grand Island,US,2021-12-04 20:02:09,40.925,-98.342,42.08,81,90,11.5
289,Nome,US,2021-12-04 19:59:58,64.5011,-165.4064,-6.63,100,70,4.85
290,Talnakh,RU,2021-12-04 20:02:09,69.4865,88.3972,-27.51,99,100,1.68
291,Vila Velha,BR,2021-12-04 20:02:09,-20.3297,-40.2925,75.92,75,37,6.33
292,Lalsk,RU,2021-12-04 20:02:10,60.7415,47.5862,6.62,94,100,6.89
293,Oksfjord,NO,2021-12-04 20:02:10,70.2396,22.3479,14.92,82,4,8.03
294,Rio Grande,BR,2021-12-04 19:57:53,-32.035,-52.0986,77.11,78,91,15.3
295,Cherskiy,RU,2021-12-04 20:02:10,68.75,161.3,-33.2,100,53,3.78
296,Osorio,BR,2021-12-04 20:02:11,-29.8867,-50.2697,85.15,73,100,11.45
297,Karlskrona,SE,2021-12-04 20:02:11,56.1616,15.5866,32.45,86,97,17.96
298,Nakhon Phanom,TH,2021-12-04 20:02:11,17.3333,104.4167,51.4,77,20,3.69
299,Marau,BR,2021-12-04 20:02:12,-28.4492,-52.2,85.62,33,64,3.78
300,Gien,FR,2021-12-04 20:02:12,47.6933,2.6309,40.42,87,99,12.28
301,Ipilan,PH,2021-12-04 20:02:12,8.8431,117.9033,78.64,85,93,12.57
302,Beringovskiy,RU,2021-12-04 20:02:13,63.05,179.3167,13.75,96,100,6.69
303,Kenai,US,2021-12-04 20:02:13,60.5544,-151.2583,3.15,86,100,6.78
304,Kaeo,NZ,2021-12-04 20:02:13,-35.1,173.7833,68.32,94,100,9.82
305,Los Llanos De Aridane,ES,2021-12-04 20:02:13,28.6585,-17.9182,64.15,64,40,10.0
306,Sinnamary,GF,2021-12-04 20:02:14,5.3833,-52.95,78.31,89,84,7.74
307,Bathsheba,BB,2021-12-04 20:02:14,13.2167,-59.5167,81.1,75,93,16.22
308,Mundo Nuevo,MX,2021-12-04 20:02:14,18.7,-95.5,77.74,78,8,7.07
309,Klaksvik,FO,2021-12-04 20:00:33,62.2266,-6.589,36.52,55,100,18.92
310,Vyazniki,RU,2021-12-04 20:02:15,56.25,42.1667,24.28,85,99,11.59
311,Diamantino,BR,2021-12-04 20:02:15,-14.4086,-56.4461,83.77,73,99,2.66
312,Awjilah,LY,2021-12-04 20:02:15,29.1081,21.2869,56.84,42,0,15.55
313,Mehamn,NO,2021-12-04 20:01:30,71.0357,27.8492,17.85,81,8,19.73
314,Ramgarh,IN,2021-12-04 20:02:16,23.6333,85.5167,61.11,89,81,0.38
315,Sosva,RU,2021-12-04 20:02:16,59.1766,61.8558,29.93,97,100,6.91
316,Morehead,US,2021-12-04 20:02:16,37.2711,-87.1764,62.15,42,1,3.0
317,Dori,BF,2021-12-04 20:02:16,14.0354,-0.0345,81.34,11,3,9.13
318,Singkawang,ID,2021-12-04 20:03:17,0.9,109.0,75.47,93,81,3.29
319,Ouadda,CF,2021-12-04 20:03:17,8.0777,22.4007,75.22,31,83,5.08
320,Saldanha,ZA,2021-12-04 20:03:17,-33.0117,17.9442,60.96,93,100,11.01
321,Bonavista,CA,2021-12-04 20:03:18,48.6499,-53.1147,31.12,50,65,29.37
322,Port Lavaca,US,2021-12-04 20:03:18,28.615,-96.6261,82.45,73,75,12.66
323,Sabha,LY,2021-12-04 20:03:18,27.0377,14.4283,50.56,33,0,5.73
324,Turukhansk,RU,2021-12-04 20:03:18,65.8167,87.9833,-34.96,100,99,4.59
325,Indian Head,US,2021-12-04 19:59:14,38.6001,-77.1622,60.98,41,6,1.99
326,Norman Wells,CA,2021-12-04 20:03:19,65.282,-126.8329,-26.97,91,17,2.98
327,Jining,CN,2021-12-04 20:03:19,35.405,116.5814,39.7,54,4,6.49
328,Kahului,US,2021-12-04 20:03:19,20.8947,-156.47,73.42,65,20,12.66
329,Barra Do Garcas,BR,2021-12-04 20:03:20,-15.89,-52.2567,82.17,75,98,4.63
330,Vila Franca Do Campo,PT,2021-12-04 20:03:20,37.7167,-25.4333,64.81,84,100,0.92
331,Zmeinogorsk,RU,2021-12-04 20:03:20,51.1567,82.195,12.56,97,84,3.96
332,Kijang,KR,2021-12-04 20:03:20,35.2442,129.2139,41.25,55,0,4.92
333,Codrington,AU,2021-12-04 20:03:15,-38.2667,141.9667,44.96,82,15,5.21
334,Bud,US,2021-12-04 20:03:21,39.447,-86.1758,53.67,48,100,7.76
335,Anadyr,RU,2021-12-04 20:03:21,64.75,177.4833,-9.76,66,100,7.87
336,Hasaki,JP,2021-12-04 20:03:21,35.7333,140.8333,37.8,58,2,19.98
337,Gull Lake,CA,2021-12-04 20:03:22,50.1001,-108.4847,26.96,81,100,15.59
338,Broome,US,2021-12-04 20:03:22,42.2506,-75.833,47.21,60,75,4.0
339,Comodoro Rivadavia,AR,2021-12-04 20:03:22,-45.8667,-67.5,73.26,21,0,17.27
340,Southbridge,US,2021-12-04 20:03:23,42.0751,-72.0334,41.59,62,75,6.35
341,Santa Maria,BR,2021-12-04 20:03:23,-29.6842,-53.8069,87.66,41,98,6.76
342,Burgeo,CA,2021-12-04 20:00:35,47.6167,-57.6152,29.84,51,68,26.33
343,Atar,MR,2021-12-04 20:03:23,20.5169,-13.0499,76.37,15,2,8.25
344,Nanortalik,GL,2021-12-04 20:03:24,60.1432,-45.2371,36.82,87,100,35.5
345,Tukrah,LY,2021-12-04 20:03:24,32.5341,20.5791,62.92,64,87,26.37
346,Saryg-Sep,RU,2021-12-04 20:03:24,51.5,95.6,6.17,99,100,0.78
347,Tual,ID,2021-12-04 20:03:24,-5.6667,132.75,83.12,78,100,12.06
348,Kudahuvadhoo,MV,2021-12-04 20:03:25,2.6708,72.8944,82.06,78,12,12.3
349,Abu Dhabi,AE,2021-12-04 20:02:38,24.4667,54.3667,73.96,60,3,1.99
350,Uhlove,UA,2021-12-04 20:03:25,44.8215,33.6045,52.57,93,100,4.79
351,Tigil,RU,2021-12-04 20:03:25,57.8,158.6667,25.59,97,100,6.69
352,Guanica,PR,2021-12-04 20:03:26,17.9716,-66.908,86.22,72,39,10.0
353,Puerto Del Rosario,ES,2021-12-04 20:03:26,28.5004,-13.8627,65.95,48,0,17.27
354,Monaragala,LK,2021-12-04 20:03:26,6.8714,81.3487,73.9,93,23,1.23
355,Chicama,PE,2021-12-04 20:03:26,-7.8447,-79.1469,64.94,64,99,10.25
356,Lufkin,US,2021-12-04 20:03:27,31.3382,-94.7291,78.91,61,75,6.91
357,Bantry,IE,2021-12-04 20:03:27,51.6833,-9.45,40.48,70,33,19.93
358,Bonthe,SL,2021-12-04 20:03:27,7.5264,-12.505,81.03,79,76,7.25
359,Ilebo,CD,2021-12-04 20:03:28,-4.3167,20.5833,71.2,99,100,1.63
360,Samarai,PG,2021-12-04 20:02:46,-10.6167,150.6667,81.03,78,100,5.88
361,Coari,BR,2021-12-04 20:01:42,-4.085,-63.1414,87.62,55,70,0.85
362,Vilyuysk,RU,2021-12-04 20:03:28,63.7553,121.6247,-8.28,98,100,4.74
363,Surin,TH,2021-12-04 20:03:28,14.8818,103.4936,60.37,68,16,11.27
364,Oume,JP,2021-12-04 20:03:29,35.7839,139.2431,45.79,58,1,3.44
365,Rivera,UY,2021-12-04 20:04:29,-30.9053,-55.5508,83.07,41,68,8.66
366,San Vicente De Canete,PE,2021-12-04 20:04:29,-13.0751,-76.3835,71.11,75,71,7.81
367,Afsin,TR,2021-12-04 20:04:29,38.2477,36.914,39.33,60,94,0.54
368,Elizabeth City,US,2021-12-04 20:04:30,36.2946,-76.2511,69.01,62,96,1.01
369,Kipushi,CD,2021-12-04 20:04:30,-11.7667,27.2333,69.76,51,38,2.06
370,Cayenne,GF,2021-12-04 20:00:08,4.9333,-52.3333,77.04,92,75,4.0
371,Peniche,PT,2021-12-04 20:04:30,39.3558,-9.3811,54.88,84,0,13.29
372,Flinders,AU,2021-12-04 20:04:31,-34.5833,150.8552,61.18,83,99,10.78
373,Isabela,PH,2021-12-04 20:04:31,6.7085,121.9711,78.31,79,86,4.65
374,Tsumeb,NA,2021-12-04 20:04:31,-19.2333,17.7167,75.09,54,77,1.97
375,Ronne,DK,2021-12-04 20:04:31,55.1009,14.7066,39.11,100,90,3.44
376,Laguna,US,2021-12-04 20:04:32,38.421,-121.4238,73.63,100,90,5.75
377,Sungairaya,ID,2021-12-04 20:04:32,0.7,108.9,76.42,91,98,4.99
378,Xining,CN,2021-12-04 20:04:32,36.6167,101.7667,26.56,30,0,2.68
379,Quchan,IR,2021-12-04 20:04:33,37.106,58.5095,33.94,88,5,3.06
380,Oromocto,CA,2021-12-04 20:01:30,45.8351,-66.4792,25.95,49,6,5.01
381,Imbituba,BR,2021-12-04 20:04:33,-28.24,-48.6703,76.82,74,100,15.39
382,Naze,JP,2021-12-04 20:04:33,28.3667,129.4833,56.89,64,99,12.08
383,Mandera,KE,2021-12-04 20:04:33,3.9366,41.867,85.06,38,22,7.23
384,San Antonio,US,2021-12-04 20:04:22,29.4241,-98.4936,83.1,70,20,3.44
385,Bojnurd,IR,2021-12-04 20:04:34,37.4747,57.329,39.94,69,0,6.26
386,Kintampo,GH,2021-12-04 20:04:34,8.0563,-1.7306,82.94,34,95,2.55
387,Biaora,IN,2021-12-04 20:04:34,23.8667,76.9167,66.7,50,84,6.96
388,Minna,NG,2021-12-04 20:04:35,9.6139,6.5569,80.64,22,98,0.81
389,Marawi,PH,2021-12-04 20:04:35,7.9986,124.2928,66.65,98,88,4.32
390,Penha,BR,2021-12-04 20:04:35,-26.7694,-48.6458,77.56,69,40,6.91
391,Hofn,IS,2021-12-04 20:04:35,64.2539,-15.2082,31.44,55,0,9.26
392,Magistralnyy,RU,2021-12-04 20:04:36,56.1725,107.4458,24.19,82,100,7.85
393,Papara,BR,2021-12-04 20:04:36,-3.9839,-38.7273,86.72,56,34,8.1
394,Wahiawa,US,2021-12-04 20:04:36,21.5028,-158.0236,68.79,72,1,0.0
395,Tondano,ID,2021-12-04 20:04:36,1.3038,124.9112,68.09,93,100,3.15
396,Tornio,FI,2021-12-04 20:04:37,65.8481,24.1466,-5.78,96,16,5.23
397,Bethal,ZA,2021-12-04 20:04:37,-26.4579,29.4655,57.54,94,79,4.03
398,Sistranda,NO,2021-12-04 20:04:38,63.7256,8.834,30.16,64,100,12.95
399,Plainview,US,2021-12-04 20:04:38,40.7765,-73.4673,49.82,61,1,1.99
400,Katangli,RU,2021-12-04 20:04:38,51.7102,143.2326,-7.74,99,78,8.68
401,Sadon,RU,2021-12-04 20:04:38,42.8518,44.0037,18.95,44,95,10.65
402,Dordrecht,NL,2021-12-04 20:04:39,51.81,4.6736,45.01,90,100,3.0
403,Bowen,AU,2021-12-04 20:04:39,-20.0167,148.2333,75.09,82,0,7.45
404,Bodaybo,RU,2021-12-04 20:04:39,57.8506,114.1933,25.84,83,100,17.78
405,Keti Bandar,PK,2021-12-04 20:04:40,24.1447,67.4497,72.41,44,0,10.71
406,Ketchikan,US,2021-12-04 20:04:40,55.3422,-131.6461,30.67,86,1,5.75
407,Skibbereen,IE,2021-12-04 20:04:40,51.55,-9.2667,40.8,67,45,20.54
408,Boulder,US,2021-12-04 20:05:27,40.0833,-105.3505,64.74,28,1,4.0
409,Baoying,CN,2021-12-04 20:05:41,33.2292,119.3092,42.64,68,51,5.41
410,Ust-Maya,RU,2021-12-04 20:05:41,60.4167,134.5333,-11.94,99,100,4.79
411,Lazaro Cardenas,MX,2021-12-04 20:05:41,17.9583,-102.2,83.66,66,6,7.87
412,Mchinji,MW,2021-12-04 20:05:41,-13.7984,32.8802,73.72,49,0,9.06
413,Shakhtinsk,KZ,2021-12-04 20:05:42,49.71,72.5872,18.16,91,98,5.32
414,Oyama,JP,2021-12-04 20:05:42,36.3,139.8,47.59,43,0,1.52
415,Canchungo,GW,2021-12-04 20:05:42,12.0672,-16.0333,77.4,76,66,6.82
416,Bolshoye Murashkino,RU,2021-12-04 20:05:43,55.7826,44.7754,26.69,81,99,12.5
417,Mangrol,IN,2021-12-04 20:05:43,21.1167,70.1167,76.03,63,16,5.64
418,Lappeenranta,FI,2021-12-04 20:03:14,61.0587,28.1887,6.85,77,90,12.66
419,Pozo Colorado,PY,2021-12-04 20:05:43,-23.4923,-58.7972,97.77,19,100,4.0
420,Fuyang,CN,2021-12-04 20:05:43,32.9,115.8167,43.57,44,98,4.54
421,Yamada,JP,2021-12-04 20:05:44,39.4667,141.95,31.87,73,10,5.28
422,Bafata,GW,2021-12-04 20:05:44,12.1667,-14.75,83.08,44,52,5.84
423,Vao,NC,2021-12-04 20:05:44,-22.6667,167.4833,76.42,84,66,16.91
424,Sarakhs,IR,2021-12-04 20:05:45,36.5449,61.1577,42.82,80,49,4.61
425,Batagay-Alyta,RU,2021-12-04 20:05:45,67.8006,130.4114,-28.91,100,100,1.68
426,Gamba,GA,2021-12-04 20:05:45,-2.65,10.0,77.92,89,93,7.0
427,Carauari,BR,2021-12-04 20:05:45,-4.8828,-66.8958,83.25,77,85,1.86
428,Ilulissat,GL,2021-12-04 20:05:46,69.2167,-51.1,37.42,60,75,31.07
429,Ayr,GB,2021-12-04 20:05:46,55.4627,-4.6339,42.69,75,20,13.8
430,Dalbandin,PK,2021-12-04 20:05:46,28.8947,64.4101,55.81,59,0,7.61
431,Xingyi,CN,2021-12-04 20:05:46,24.1877,102.817,43.07,92,85,2.28
432,Tessalit,ML,2021-12-04 20:02:12,20.1986,1.0114,70.02,16,35,10.63
433,Severnoye,RU,2021-12-04 20:05:47,56.3491,78.3619,26.83,95,100,12.03
434,Brasileia,BR,2021-12-04 20:05:47,-11.0161,-68.7481,92.37,47,92,2.13
435,Ankang,CN,2021-12-04 20:05:47,32.68,109.0172,44.64,69,0,0.83
436,Ylivieska,FI,2021-12-04 20:05:48,64.0833,24.55,15.31,96,37,4.21
437,Omboue,GA,2021-12-04 20:05:48,-1.5746,9.2618,78.51,88,99,8.48
438,Swan Hill,AU,2021-12-04 20:05:48,-35.3378,143.5544,51.73,65,0,10.16
439,Siirt,TR,2021-12-04 20:05:48,37.9326,41.9403,43.56,39,100,0.54
440,Pahrump,US,2021-12-04 20:05:49,36.2083,-115.9839,68.31,21,0,1.99
441,Zunyi,CN,2021-12-04 20:05:49,27.6867,106.9072,52.18,77,100,1.61
442,Veraval,IN,2021-12-04 20:05:49,20.9,70.3667,75.7,69,10,1.45
443,Kitimat,CA,2021-12-04 20:05:50,54.0524,-128.6534,35.91,66,68,1.01
444,Porto Novo,BJ,2021-12-04 20:05:50,6.4965,2.6036,82.08,78,90,8.43
445,Kurgan,RU,2021-12-04 20:05:50,55.45,65.3333,31.64,90,30,16.2
446,Barabinsk,RU,2021-12-04 20:05:51,55.3571,78.357,27.72,96,100,12.57
447,Shasta Lake,US,2021-12-04 20:05:51,40.6804,-122.3708,64.92,53,15,0.87
448,Tianpeng,CN,2021-12-04 20:05:51,30.9866,103.9393,49.33,69,3,3.49
449,Waldkirch,DE,2021-12-04 20:05:51,48.0959,7.9637,43.23,92,100,9.17
450,Baragua,CU,2021-12-04 20:05:52,21.6967,-78.6328,84.45,46,7,10.31
451,Ballina,AU,2021-12-04 20:05:52,-28.8667,153.5667,68.18,93,73,12.24
452,Concordia,AR,2021-12-04 20:06:53,-31.393,-58.0209,78.87,50,0,12.66
453,Touros,BR,2021-12-04 20:03:58,-5.1989,-35.4608,85.1,74,80,14.03
454,Chor,PK,2021-12-04 20:06:53,25.5167,69.7667,67.28,29,0,7.36
455,Wachtersbach,DE,2021-12-04 20:06:53,50.2551,9.2956,42.98,99,100,10.31
456,Muros,ES,2021-12-04 20:06:53,42.7762,-9.0603,53.24,93,100,13.13
457,Taltal,CL,2021-12-04 20:06:54,-25.4,-70.4833,69.12,61,26,7.4
458,Belousovka,KZ,2021-12-04 20:06:54,50.1339,82.5239,6.37,97,56,3.04
459,Zemio,CF,2021-12-04 20:06:54,5.0314,25.1361,75.4,58,42,2.26
460,Palmer,US,2021-12-04 20:06:55,42.1584,-72.3287,42.48,58,90,5.93
461,Akyab,MM,2021-12-04 20:06:55,20.15,92.9,77.0,72,100,4.21
462,Pevek,RU,2021-12-04 20:05:00,69.7008,170.3133,-14.53,98,100,8.93
463,Sambava,MG,2021-12-04 20:06:55,-14.2667,50.1667,77.94,81,86,9.17
464,Konstantinovka,RU,2021-12-04 20:06:55,49.6167,127.9833,11.62,86,15,14.25
465,Hualmay,PE,2021-12-04 20:06:56,-11.0964,-77.6139,70.84,76,94,8.95
466,Yerbogachen,RU,2021-12-04 20:06:56,61.2767,108.0108,18.28,88,100,14.34
467,Alyangula,AU,2021-12-04 20:06:56,-13.8483,136.4192,83.73,76,100,8.68
468,Dachau,DE,2021-12-04 20:06:57,48.26,11.434,45.05,84,100,18.39
469,Urambo,TZ,2021-12-04 20:06:57,-5.0667,32.05,74.46,50,95,0.6
470,Mamallapuram,IN,2021-12-04 20:06:57,12.6264,80.1722,80.06,70,5,1.12
471,Bassano,CA,2021-12-04 20:06:57,50.7834,-112.4685,28.96,95,100,7.0
472,Tommot,RU,2021-12-04 20:06:58,58.9564,126.2925,25.79,87,99,12.68
473,Mount Gambier,AU,2021-12-04 20:05:10,-37.8333,140.7667,40.91,93,0,0.0
474,Dhidhdhoo,MV,2021-12-04 20:06:58,6.8833,73.1,81.93,74,17,6.02
475,Melilla,ES,2021-12-04 20:04:43,35.2937,-2.9383,61.18,67,0,19.57
476,Racine,US,2021-12-04 20:06:58,42.7495,-88.0751,39.25,49,93,5.01
477,Camacha,PT,2021-12-04 20:06:59,33.0833,-16.3333,62.02,63,40,13.8
478,Kalangala,UG,2021-12-04 20:06:59,-0.3089,32.225,70.95,70,100,12.28
479,Yulara,AU,2021-12-04 20:06:59,-25.2406,130.9889,71.44,46,55,16.11
480,Half Moon Bay,US,2021-12-04 20:07:00,37.4636,-122.4286,61.52,78,20,3.0
481,Pangnirtung,CA,2021-12-04 20:07:00,66.1451,-65.7125,13.41,83,100,4.07
482,General Pico,AR,2021-12-04 20:07:00,-35.6566,-63.7568,62.85,84,100,7.49
483,Tikapur,NP,2021-12-04 20:07:00,28.5,81.1333,63.32,78,0,4.18
484,Kachug,RU,2021-12-04 20:07:01,53.9606,105.8817,18.95,90,100,4.52
485,Cap-Aux-Meules,CA,2021-12-04 20:03:01,47.3821,-61.8597,30.54,56,100,27.31
486,Ugoofaaru,MV,2021-12-04 20:07:01,5.6667,73.0,82.2,76,5,10.74
487,Santa Cruz,BO,2021-12-04 20:02:40,-17.8,-63.1667,88.36,55,99,5.93
488,Skala,PL,2021-12-04 20:07:01,50.2305,19.8536,33.08,79,75,5.75
489,Tres Arroyos,AR,2021-12-04 20:05:15,-38.3739,-60.2798,56.97,61,100,7.23
490,Kulhudhuffushi,MV,2021-12-04 20:07:02,6.6221,73.07,81.82,75,20,7.78
491,Sanawad,IN,2021-12-04 20:07:02,22.1833,76.0667,69.3,52,35,6.04
492,Daru,PG,2021-12-04 20:07:02,-9.0763,143.2092,80.8,83,100,8.3
493,Voljevac,BA,2021-12-04 20:07:03,43.8786,17.6592,32.5,82,85,5.7
494,Jacareacanga,BR,2021-12-04 20:07:03,-6.2222,-57.7528,79.47,93,100,2.13
495,Monticello,US,2021-12-04 20:07:03,45.3055,-93.7941,33.98,59,90,5.75
496,Kendari,ID,2021-12-04 20:07:04,-3.945,122.4989,75.74,94,100,4.18
497,Praia Da Vitoria,PT,2021-12-04 20:07:04,38.7333,-27.0667,63.75,89,58,6.08
498,San Miguel,SV,2021-12-04 20:07:04,13.4833,-88.1833,90.97,44,89,4.9
499,Sao Joao Da Barra,BR,2021-12-04 20:08:05,-21.6403,-41.0511,78.89,75,23,9.64
500,Lighthouse Point,US,2021-12-04 20:08:05,26.2756,-80.0873,80.02,63,90,3.44
501,Muzaffarabad,PK,2021-12-04 20:08:05,34.37,73.4711,54.66,51,96,3.18
502,Mildura,AU,2021-12-04 20:04:08,-34.2,142.15,57.16,62,0,6.91
503,Duzce,TR,2021-12-04 20:08:05,40.8389,31.1639,53.85,84,100,2.13
504,Maningrida,AU,2021-12-04 20:08:06,-12.0667,134.2667,82.45,77,100,4.41
505,Rawson,AR,2021-12-04 20:08:06,-43.3002,-65.1023,81.97,22,1,20.31
506,Banyo,CM,2021-12-04 20:08:06,6.75,11.8167,78.53,35,100,3.62
507,Motril,ES,2021-12-04 20:08:07,36.7507,-3.5179,59.74,61,0,12.53
508,Albanel,CA,2021-12-04 20:08:07,48.8832,-72.4487,13.14,75,94,1.61
509,Gold Coast,AU,2021-12-04 20:08:07,-28.0,153.4333,70.0,88,40,7.0
510,Mirnyy,RU,2021-12-04 20:08:07,62.5353,113.9611,15.24,72,99,15.99
511,Fairbanks,US,2021-12-04 20:07:12,64.8378,-147.7164,-31.99,62,1,0.0
512,Verkhnevilyuysk,RU,2021-12-04 20:08:08,63.4453,120.3167,5.11,97,100,1.14
513,Coihaique,CL,2021-12-04 20:08:08,-45.5752,-72.0662,73.35,38,40,8.05
514,Makhachkala,RU,2021-12-04 20:08:08,42.9764,47.5024,39.18,69,4,12.93
515,Brae,GB,2021-12-04 20:08:09,60.3964,-1.353,37.31,64,85,25.55
516,Betamcherla,IN,2021-12-04 20:08:09,15.4667,78.1667,72.88,67,10,2.68
517,Whitianga,NZ,2021-12-04 20:08:09,-36.8333,175.7,70.02,93,100,5.97
518,Nizwa,OM,2021-12-04 20:08:09,22.9333,57.5333,67.55,56,3,4.05
519,Vanimo,PG,2021-12-04 20:08:10,-2.6741,141.3028,77.54,91,100,6.55
520,Mastic Beach,US,2021-12-04 20:08:10,40.7668,-72.8521,47.46,62,1,4.61
521,Chudniv,UA,2021-12-04 20:08:10,50.052,28.1175,28.76,80,100,8.59
522,High Level,CA,2021-12-04 20:06:17,58.5169,-117.136,-9.42,92,89,5.55
523,Krutinka,RU,2021-12-04 20:08:11,56.0055,71.5113,30.34,96,99,16.51
524,Arona,ES,2021-12-04 20:08:11,28.0996,-16.681,63.39,50,20,1.01
525,Puerto Asis,CO,2021-12-04 20:08:11,0.5133,-76.5007,82.96,91,68,0.83
526,Shebekino,RU,2021-12-04 20:08:12,50.4097,36.9136,29.62,83,98,3.91
527,Kharovsk,RU,2021-12-04 20:08:12,59.9642,40.1912,-0.56,97,98,4.41
528,Kiruna,SE,2021-12-04 20:08:12,67.8557,20.2251,-3.08,92,90,2.3
529,Carsamba,TR,2021-12-04 20:08:12,41.1989,36.7219,62.78,45,75,16.11
530,Acaponeta,MX,2021-12-04 20:08:13,22.4964,-105.3594,90.84,38,29,4.92
531,Krasnoselkup,RU,2021-12-04 20:08:13,65.7,82.4667,-15.14,97,100,4.79
532,Myaundzha,RU,2021-12-04 20:08:13,63.0494,147.1858,-45.99,100,83,2.06
533,Cap Malheureux,MU,2021-12-04 20:06:22,-19.9842,57.6142,78.48,71,38,5.01
534,Rundu,NA,2021-12-04 20:08:14,-17.9333,19.7667,70.97,77,99,4.05
535,Havelock,US,2021-12-04 20:08:14,34.8791,-76.9013,74.98,71,100,4.0
536,Gondar,ET,2021-12-04 20:06:15,12.6,37.4667,60.19,37,4,4.32
537,Tamboril,DO,2021-12-04 20:08:14,19.4854,-70.611,81.37,74,40,5.75
538,La Ronge,CA,2021-12-04 20:08:14,55.1001,-105.2842,2.37,83,100,3.53
539,Mesopotamia,IQ,2021-12-04 20:08:15,33.0,44.0,49.91,32,100,1.12
540,Vestmanna,FO,2021-12-04 20:08:15,62.1564,-7.1664,34.72,69,90,9.22
541,Karatuzskoye,RU,2021-12-04 20:08:15,53.6072,92.8667,26.4,80,99,9.33
542,Pacifica,US,2021-12-04 20:08:16,37.6138,-122.4869,61.02,78,75,4.0
543,Lethem,GY,2021-12-04 20:08:16,3.3803,-59.7968,88.72,49,84,11.74
544,Norsup,VU,2021-12-04 20:08:16,-16.0667,167.3833,80.64,77,96,7.7
545,Khasan,RU,2021-12-04 20:08:16,42.4308,130.6434,19.71,70,2,3.51
546,Port Lincoln,AU,2021-12-04 20:08:17,-34.7333,135.8667,58.23,76,100,12.57
547,Kodinsk,RU,2021-12-04 20:09:17,58.6881,99.1844,21.85,82,100,16.04
548,Santa Vitoria Do Palmar,BR,2021-12-04 20:04:51,-33.5189,-53.3681,70.2,71,100,11.81
549,Palana,RU,2021-12-04 20:09:17,59.1167,159.9667,21.58,96,100,7.74
550,Siemiatycze,PL,2021-12-04 20:09:18,52.4272,22.8623,32.25,72,98,3.91
551,Severnyy,RU,2021-12-04 20:09:18,50.677,36.5532,28.44,80,75,4.47
552,Saint-Augustin,CA,2021-12-04 20:09:18,51.226,-58.6502,21.56,55,43,20.04
553,Borogontsy,RU,2021-12-04 20:09:18,62.6683,131.1683,-18.8,96,100,7.52
